[
  {
    "value": "Plush pillows and breathable bed linens",
    "label": "Plush pillows and breathable bed linens"
  },
  {
    "value": "Soft, oversized bath towels",
    "label": "Soft, oversized bath towels"
  },
  {
    "value": "Full-sized, pH-balanced toiletries",
    "label": "Full-sized, pH-balanced toiletries"
  },
  {
    "value": "Complimentary refreshments",
    "label": "Complimentary refreshments"
  },
  {
    "value": "Adequate safety/security",
    "label": "Adequate safety/security"
  },
  {
    "value": "Internet",
    "label": "Internet"
  },
  {
    "value": "Comfortable beds",
    "label": "Comfortable beds"
  }
]
